Instruction,Prediction
think of some family rules to promote a healthy family relationship. answer in a numbered list. only fiev items.,"
1. Respect each other's opinions and ideas, even if you don't agree with them.
2. Communicate openly and honestly about your feelings and needs
3. Listen actively when others are speaking 
4. Resolve conflicts constructively through communication and compromise
5. Show appreciation for one another regularly
6. Spend quality time together as a family outside of daily routines or chores"
What percussion instruments are easy to learn? give 4 of them.,"
Drums, Cymbals, Bongos and Tambourine are some of the easiest Percussions Instruments to Learn.






























































































































































































































"
What are the some reasons to become a vegan?,"
Some of the most common reasons for becoming a vegetarian include health, animal welfare and environmental concerns.

Health benefits associated with being a vegetarian or vegan can be attributed to lower cholesterol levels, reduced risk of heart disease, improved blood sugar control, weight loss, increased energy level, better digestion, and decreased inflammation in the body.

Animal Welfare Concerns 
Vegetarians typically avoid eating meat because they do not want animals to suffer on their behalf. This concern extends beyond just cows, pigs, sheep, goats, fish, etc., but also includes insects such as crickets used in protein powders.
Environmental Concerns 
Many people choose to eat less meat due to its impact on climate change. Livestock production accounts for 14%-18% of global greenhouse gas emissions (GHGE), which contributes significantly to air pollution and global warming.

Other Reasons 
There may be other personal preferences or cultural beliefs that influence someone's decision to adopt a plant-based diet. Some individuals simply enjoy cooking more"
What movies won best picture Oscars in 1960s,"
The following films were awarded Best Picture at the Academy Awards during the 1960's decade:
- The Apartment (1960)
- West Side Story (1961)
- Lawrence of Arabia (1962)
- Tom Jones (1963)
- My Fair Lady (1964)
- In Cold Blood (1967)
- Oliver! (1968) 
- Midnight Cowboy (1969)."
List top 5 people with most silver medals in the olympics with the sports they played,"
1. Michael Phelps - Swimming
2. Usain Bolt - Track and Field 
3. Carl Lewis - Athletics
4. Mark Spitz - Swimming
5. Paavo Nurmi - Cross Country Running"
What articles of clothes are often worn by people in winter months?,"
Sweaters, jackets and scarves are commonly worn during colder weather to keep warm.








































































































































































































































"
What are some fun ways that you could spend time with your family?,"
Here's how I would have fun spending time with my family:
 1) Going to the movies together.
 2) Playing board games or card games at home.
 3) Taking a trip somewhere new and exciting, like Disney World!
 4) Having a picnic in the park on a sunny day.
 5) Cooking dinner together as a family.
 6) Watching our favorite TV shows or playing video games after work/school each night.
 7) Planning weekend trips away from home for adventures we can all enjoy together.
 8) Attending sporting events (either professional teams or college athletics).
 9) Visiting museums around town - there's always something interesting going on inside these buildings!
 10) Hosting game nights where everyone brings their own snacks & drinks so no one has any complaints about what they brought along :) 
 11) Going out dancing together once every few months just because it feels good sometimes too!
 12) Spending quality time talking over coffee while watching people walk by outside of c"
What are the advantages and disadvantages of allowing people to perform delivery tasks by walking instead of requiring the use of a bike or car? When do you think it is more pragmatic for deliveries to be fulfilled by walking versus biking or driving?,"
The main advantage of using foot powered transportation over motorized vehicles in food delivery services is environmental sustainability, as it reduces carbon emissions significantly compared to gas-powered cars. Additionally, this method can help reduce traffic congestion on busy streets since pedestrians have less impact than automobiles. However, there may also be some drawbacks such as slower speeds due to limited mobility when carrying heavy loads; however, this could potentially lead to better customer service if drivers take their time with each order rather than rushing through multiple stops quickly without proper attention given per item requested.

I believe that depending upon factors like distance between destinations (either within same city/town or across different cities), weather conditions affecting road safety etc., either mode should work well enough provided appropriate precautions taken into account during execution process - especially regarding slippery surfaces caused by rain/ice which might pose additional risks even though overall speed would remain unaffected.

In general terms then I'd say walking works best where distances involved aren't too far apart while bikes &cars come handy otherwise but ultimately depends largely upon individual circumstances at play here so no hard rules apply universally"
What are some ways to avoid social engineering attacks?,"
Here's how you can protect yourself from Social Engineering Attacks:
 1) Be aware of your surroundings and who might be listening in on conversations.
 2) Don’t give out personal information over email or phone calls unless it is absolutely necessary.
 3) Use strong passwords for all accounts, change them regularly,
 4) Avoid clicking links sent by unknown senders as they could contain malware.
 5) Keep software up-to-date with security patches.
 6) Install antivirus protection on devices.
 7) Enable two-factor authentication (2FA).
 8) Monitor bank statements closely for any suspicious activity.
 9) Never share sensitive documents online without encryption.
 10) Stay informed about current scams circulating through various channels such as news articles or social media posts.
 11) Educate oneself regarding common phishing techniques used by cyber criminals so one knows what red flags look like when receiving emails/messages etc.
 12) Report suspected fraudulent activities immediately if encountered.
 13) Utilize secure messaging apps instead of"
Give me a list of potential vegan dishes you could make for a Thanksgiving meal,"
Here are some possible vegetarian options to consider when planning your holiday menu:
  
  - Roasted Brussels Sprouts with Maple Syrup and Cranberries.
  - Sweet Potato Casserole.
  - Green Beans Almondine.
  - Stuffed Acorn Squash.
  - Vegetable Medley in Spicy Tomatillo Sauce.
  - Mushroom Risotto.
  - Cauliflower Steaks with Garlic-Herb Butter.
  - Baked Tofu with Teriyaki Glaze.
  - Quinoa Salad with Fresh Herbs, Tomatoes, and Avocado.
  - Kale Salad with Apples, Walnuts, and Blue Cheese Dressing.
  - Hummus Platter with Pita Chips or Crackers.
  - Artichoke Hearts with Lemon Aioli.
  - Carrot Ginger Soup.
  - Curried Lentils with Rice.
  - Black Eyed Peas with Smoked Paprika.
  - Corn on the Cob with O"
Give me a list of 5 famous archeological sites to visit in Mexico.,"
1) Chichen Itza, Yucatan Peninsula
2) Teotihuacan Pyramids, Central Valley
3) Tulum Ruin Site, Riviera Maya 
4) Coba Archeological Zone, Quintana Roo
5) Uxmal Archaeological site, Yucatán peninsula.
























































































"
"Simplify the expression: (4x^2 + 3x - 2) / (2x + 1)
 show your work","
(4x^2 + 3x - 2)/(2x+1)= x/2



















































































































"
A rectangle has a length of 8 units and a width of 5 units. Calculate its area. give the response only,"
The given rectangular shape with dimensions (length = 8, width = 5) has an area of 40 square units.
































































































































































































































"
write python code to find largest element in array,"
def max(arr):
    return max(arr)
  
a = [1,2,3]
print(""Maximum value of list"",max(a))










































































































"
python code to find the number of days until dec 15,"
import datetime
def count_days(start, end):
    return (end - start).days

date = datetime.datetime(2021, 12, 1)
targetDate = date + datetime.timedelta(days=364) # Dec 15th
print(""Number of Days Until December 15th"", targetDate-date)



















































































"
list which are the top 5 cities in population in 2024,"
1. Tokyo, Japan
2. Delhi, India
3. Shanghai, China
4. Sao Paulo, Brazil
5. Mexico City, Mexico"
"What would make my tzatziki sauce truly exceptional? only give tips, nothing else","
To make your Tzatiki Sauce really stand out you could add some fresh dill or parsley to it for extra flavor and texture! 




"
What are some landlocked states?,"
The following list contains several of the world's most well-known landlocked countries, in no particular order:
  
 Austria
  Bolivia
  Greece
  Hungary
  Kazakhstan
  Laos
  Liechtenstein
  Luxembourg
  Malawi
  Mali
  Moldova
  Nepal
  Paraguay
  Portugal
  Slovakia
  Switzerland
  Uzbekistan
  Zambia
  Zimbabwe.





























































































































"
Name at least four different types of freshwater waterways in json format,"
[
  ""River"",
  ""Lake"",
  ""Stream"",
  ""Pond""
]




































































































































































































































"
List top 5 people with most gold medals and their countires,"
1) Michael Phelps (USA): 28 Gold Medals
2) Usain Bolt (Jamaica): 9 Gold Medals 
3) Simone Biles (United States of America): 7 Gold Medals
4) Katie Ledecky (United States of America): 6 Gold Medals
5) Allyson Felix (United States of America): 6 Gold Medals





"
Give me a list of the Eastern States in the United States of America.,"
Connecticut, Delaware, Maryland, Massachusetts, New Jersey, Pennsylvania, Rhode Island and Virginia are all states located on the eastern coast of the USA.

New York, North Carolina, South Carolina, Georgia, Florida, Alabama, Mississippi, Louisiana, Arkansas, Tennessee, Kentucky, West Virginia, Ohio, Indiana, Michigan, Illinois, Wisconsin, Minnesota, Iowa, Missouri, Kansas, Nebraska, Colorado, Wyoming, Montana, Idaho, Washington, Oregon, California, Nevada, Arizona, Utah, Texas, Oklahoma, New Mexico, Alaska, Hawaii, Puerto Rico, Guam, American Samoa, Northern Mariana Islands, Virgin Islands, District Of Columbia"
What are some common types of snake plants? give lsit only,"
Sansevieria trifasciata, Sansevieria laurentii, and Sansevieria cylindrica are three popular varieties of Snake Plants.


"
Give me a few different ways to reduce my household electricity bill.,"
Here are some tips for reducing your home's energy consumption and lowering your monthly utility bills:
  
- Use LED light bulbs instead of incandescent or halogen lights.
- Unplug appliances when not in use, especially those with clock displays like microwaves and coffee makers.
- Turn off electronics at the wall rather than using power strips as they can still draw small amounts of current even if turned off.
- Adjust thermostats according to seasonal temperatures and schedule them accordingly.
- Seek out Energy Star certified products whenever possible.
- Insulate pipes running through unheated areas such as crawl spaces or attic insulation.
- Install programmable thermostat settings based on daily routines.
- Replace old windows with double pane ones which provide better insulation against heat loss during winter months while allowing more natural sunlight into homes during summer days without overheating interiors too much.
- Consider installing solar panels if feasible depending upon local climate conditions & government subsidies available.
- Encourage family members/roommates/tenants etc., living together within same dwellings"
What are some good romance novels?,"
Here's a list of some popular and well-reviewed romances to get you started:
  
1) The Duke and I by Julia Quinn.
2) A Court of Thorns and Roses series by Sarah J Maas.
3) To Sir With Love by Lauren Layne.
4) The Hating Game by Sally Thorne.
5) Red, White & Royal Blue by Casey McQuiston.
6) One Day in December by Josie Silver.
7) The Kiss Quotient by Helen Hoang.
8) The Flatshare by Beth O’Leary.
9) The Unhoneymooners by Christina Lauren.
10) The Proposal by Jasmine Guillory.
11) The Wedding Date by Jasmine Guillory.
12) The Marriage Game by Sara Desai.
13) The Soulmate Equation by Christina Lauren.
14) The Dating Playbook by Farrah Rochon.
15) The Bride Test by Helen Hoang.
16) The Heart Principle by Helen"
Why the certain animals called the big five and what are they?,"
The Big Five refers to lions, leopards, elephants, rhinos, and Cape buffaloes in Africa. These species were considered dangerous or difficult for hunters to pursue due to their size and strength.













































































































































































































"
Think up steps to clean a keyboard and describe in an enumerated list pls,"
1. Unplug your computer from power source.
2. Remove all cables connected to it, including mouse cable if you have one.
3. Disconnect any external devices such as USB drives or printers.
4. Turn off your monitor by pressing its on/off button.
5. Shut down your computer using the appropriate key combination (usually Ctrl+Alt+Del).
6. Wait for about 30 seconds after shutting down before unplugging the power cord.
7. If there are removable media like CD-ROMs or DVDs inside your drive bays,
8. remove them carefully without touching their surfaces with bare hands.
9. Open the case of your PC and locate the fan(s) at the back side near CPU socket area.
10. Use compressed air canister to blow dust out of these vents until they're clear.
11. Close the case again once done.
12. Locate the RAM slots where memory modules sit vertically within motherboard sockets.
13. Gently pull each module out while holding onto both ends firmly; do not use force here!
1"
Give me a checklist of 5 items of furniture I should buy for my new living room,"
Here are five things you might want to consider when buying furniture for your new living room:
1) Sofa or couch.
2) End tables on either side of sofa/couch.
3) Coffee table in front of end tables.
4) TV stand with shelves and storage space.
5) Rug underneath coffee table, if desired.

Hope this helps! 






























































































































































"
What are some different types of desserts?,"
Some common types of dessert include cake, pie, ice cream and cookies.

Other popular options include pudding, custard, sorbet or gelato, cheesecakes, tarts, crème brûlée, mousse, flan, chocolate truffles, macarons, pastries like croissants, donuts, doughnuts, éclairs, cannelés, financiers, babka, kouign amann, beignets, danishes, sticky buns, panettone, torta di riso (rice cake), tiramisu, semifreddo, bomboloni, zeppole, profiteroles, napoleon, charlotte royale, opera cake, rugelach, black forest cake, stollen, fruitcake, gingerbread, honey cake, marzipan, nougat, carrot cake, red velvet cake, tres leches cake, spice cake, pecan pie, key lime pie, apple pie, cherry pie, peach pie, blueberry pie, rhubarb pie, minc"
Name all members of The Beatles,"
John Lennon, Paul McCartney, George Harrison and Ringo Starr were all members of The Beatles.




































































































































































































































"
